id,name,email,gender
1,Cori,cgoudman0@yelp.com,Male
2,Derek,dpietrowski1@is.gd,Polygender
3,Tess,tlumpkin2@istockphoto.com,Genderfluid
4,Costa,cmoralee3@creativecommons.org,Genderfluid
5,Oralle,opeppard4@biglobe.ne.jp,Bigender
6,Austine,ayouhill5@nih.gov,Female
7,Austina,abarnsdall6@blogtalkradio.com,Polygender
8,Erasmus,edally7@skyrock.com,Male
9,Tobe,tmunt8@mozilla.com,Male
10,Rodge,rstuckley9@dmoz.org,Genderqueer
11,Ring,rllelwelna@psu.edu,Non-binary
12,Maurizia,mkinnachb@eepurl.com,Male
13,Urbano,uhackingc@php.net,Male
14,Mariette,myirrelld@spiegel.de,Polygender
15,Carolyn,cyegorkine@admin.ch,Genderfluid
16,Maximilianus,mdaalf@acquirethisname.com,Male
17,Eliot,ebernardyg@devhub.com,Female
18,Brett,blidierthh@pcworld.com,Genderfluid
19,Hunt,hfellosi@surveymonkey.com,Polygender
20,Helaine,hcrispej@networksolutions.com,Female
21,Kippy,kgianiellok@techcrunch.com,Genderfluid
22,Rosalia,rnickolll@nba.com,Genderfluid
23,Cami,ckyntonm@dell.com,Agender
24,Tobie,tgerbern@sbwire.com,Bigender
25,Fredericka,frollingsono@usa.gov,Polygender
26,Karilynn,kporsonp@ustream.tv,Genderqueer
27,Zebulon,zendenq@behance.net,Agender
28,Cletis,civashnikovr@senate.gov,Genderqueer
29,Rowena,reddisons@furl.net,Bigender
30,Lauraine,lmackiet@netlog.com,Genderqueer
31,Allyce,alehru@technorati.com,Polygender
32,Christoffer,chaugheyv@cbc.ca,Genderqueer
33,Anthia,ahardesw@tmall.com,Genderqueer
34,Clyde,ctschieraschex@domainmarket.com,Non-binary
35,Bertie,blinningy@accuweather.com,Genderfluid
36,Aleece,aplayfairz@geocities.com,Female
37,Gregorius,gbownas10@oakley.com,Agender
38,Pegeen,pbennington11@latimes.com,Female
39,Odie,osaladin12@livejournal.com,Agender
40,Blithe,bcordell13@wix.com,Bigender
41,Cliff,crickard14@nationalgeographic.com,Genderfluid
42,Jayme,jstagg15@mtv.com,Agender
43,Trescha,tbraban16@360.cn,Genderqueer
44,Rupert,rchable17@cmu.edu,Genderfluid
45,Cherri,cvolke18@elegantthemes.com,Non-binary
46,Onfre,owheal19@indiatimes.com,Female
47,Vera,vhallock1a@networkadvertising.org,Genderqueer
48,Farlee,fpidgeley1b@pinterest.com,Polygender
49,Abbe,awharlton1c@nba.com,Polygender
50,Webb,wdraisey1d@cargocollective.com,Female
51,Krystalle,ksutter1e@unblog.fr,Female
52,Rae,rivison1f@go.com,Polygender
53,Pris,pmangan1g@ed.gov,Bigender
54,Timmy,ttrowler1h@cnbc.com,Non-binary
55,Goldie,gmilsap1i@jimdo.com,Non-binary
56,Pauly,pdumbrell1j@acquirethisname.com,Female
57,Isidora,iattew1k@redcross.org,Genderqueer
58,Fulvia,fheenan1l@woothemes.com,Male
59,Ardenia,agrigson1m@liveinternet.ru,Agender
60,Cheston,csperski1n@furl.net,Male
61,Bobinette,bwalthall1o@flavors.me,Agender
62,Chastity,cbosward1p@fc2.com,Non-binary
63,Lennard,ldunsmore1q@arizona.edu,Female
64,Lois,lgurrado1r@businessweek.com,Genderqueer
65,Jamie,jkerry1s@elegantthemes.com,Non-binary
66,Pinchas,pbrasner1t@is.gd,Non-binary
67,Yuma,ygodar1u@cornell.edu,Male
68,Rodrigo,rnisbith1v@wikipedia.org,Genderfluid
69,Sibylle,spoacher1w@pinterest.com,Bigender
70,Mycah,mdungey1x@themeforest.net,Non-binary
71,Armin,aricker1y@csmonitor.com,Male
72,Parrnell,paddess1z@imdb.com,Female
73,Malinda,mwort20@constantcontact.com,Genderqueer
74,Brucie,bferrino21@businessinsider.com,Male
75,Doria,dgillings22@printfriendly.com,Male
76,Ennis,ejacobowicz23@flickr.com,Bigender
77,Sax,sdoctor24@behance.net,Agender
78,Juliane,jalans25@ameblo.jp,Genderqueer
79,Shaw,sbowell26@constantcontact.com,Bigender
80,Allie,aspreckley27@dion.ne.jp,Female
81,Shirley,sfreed28@goo.ne.jp,Genderqueer
82,Ellary,ewoodwin29@angelfire.com,Non-binary
83,Greer,grock2a@ovh.net,Polygender
84,Nerte,nhowardgater2b@fc2.com,Male
85,Jojo,jbergen2c@telegraph.co.uk,Non-binary
86,Nance,ngandey2d@patch.com,Genderfluid
87,Gustave,gtrousdell2e@goodreads.com,Non-binary
88,Tammy,tmuspratt2f@github.io,Genderqueer
89,Bertram,bautin2g@npr.org,Bigender
90,Rosita,rrubega2h@craigslist.org,Bigender
91,Gabriela,gaxel2i@illinois.edu,Bigender
92,Gertrude,gjoules2j@imageshack.us,Genderqueer
93,Ford,fgrinvalds2k@last.fm,Male
94,Paco,pbooi2l@umn.edu,Bigender
95,Ivonne,ikiddye2m@addthis.com,Genderfluid
96,Mickie,mrowney2n@edublogs.org,Male
97,Myca,mwilstead2o@google.ru,Male
98,Dianemarie,dniezen2p@w3.org,Agender
99,Jandy,jgregine2q@deviantart.com,Non-binary
100,Peggy,pchezier2r@businessweek.com,Male
101,Jarred,jmountford2s@japanpost.jp,Agender
102,Junie,jessame2t@telegraph.co.uk,Female
103,Derron,dbedbrough2u@salon.com,Male
104,Ambrosius,afavel2v@hao123.com,Agender
105,Babbie,bstendall2w@youtu.be,Genderqueer
106,Inna,igiottini2x@yellowpages.com,Genderqueer
107,Alley,amogenot2y@ucsd.edu,Genderfluid
108,Sarette,srobun2z@opensource.org,Agender
109,Brad,bmcinility30@fda.gov,Genderqueer
110,Jaymie,jducaen31@rediff.com,Polygender
111,Marchall,marnholtz32@whitehouse.gov,Female
112,Gerik,gdowns33@time.com,Genderfluid
113,Penn,pandrivel34@irs.gov,Genderfluid
114,Ashien,ameneghi35@google.es,Agender
115,Alma,alinck36@dagondesign.com,Genderqueer
116,Yorgo,yjanning37@forbes.com,Male
117,Camey,cbaily38@alibaba.com,Non-binary
118,Harcourt,harnason39@washingtonpost.com,Genderfluid
119,Elinore,erigge3a@accuweather.com,Polygender
120,Virgilio,vdalgety3b@unc.edu,Non-binary
121,Bianca,btotton3c@opensource.org,Polygender
122,Thomasin,tparamor3d@jugem.jp,Female
123,Yehudi,ylabrenz3e@businesswire.com,Genderqueer
124,Gena,gdodamead3f@hc360.com,Non-binary
125,Blondelle,botton3g@senate.gov,Genderqueer
126,Johnette,jorigan3h@behance.net,Male
127,Kylie,kwatton3i@ftc.gov,Genderfluid
128,Jed,jmorling3j@google.com.hk,Male
129,Loralee,lmacrory3k@biglobe.ne.jp,Genderfluid
130,Cheston,cmossop3l@squarespace.com,Non-binary
131,Bekki,beton3m@people.com.cn,Genderqueer
132,Malissia,mtunstall3n@sakura.ne.jp,Bigender
133,Margeaux,mblissett3o@jigsy.com,Bigender
134,Sarge,sbartleet3p@lulu.com,Genderfluid
135,Nikki,nkuzma3q@paypal.com,Male
136,Marika,mpoker3r@icio.us,Female
137,Brittney,bscadding3s@wufoo.com,Female
138,Jasmina,jtwigge3t@webnode.com,Polygender
139,Nola,nrodger3u@psu.edu,Polygender
140,Sloan,stourry3v@un.org,Female
141,Jacquenetta,jbickerdike3w@mac.com,Genderqueer
142,Donnie,dhurrion3x@wiley.com,Genderqueer
143,Chalmers,cvasishchev3y@istockphoto.com,Genderqueer
144,Eachelle,ehodjetts3z@pen.io,Agender
145,Kristoffer,kclell40@addtoany.com,Female
146,Jarid,jsline41@google.de,Polygender
147,Daren,dheel42@sitemeter.com,Genderfluid
148,Seumas,swestfield43@blogspot.com,Genderfluid
149,Izak,ilavell44@ftc.gov,Polygender
150,Tynan,tenden45@desdev.cn,Genderqueer
151,Shaina,sscirman46@census.gov,Bigender
152,Erin,epochet47@weather.com,Agender
153,Elora,egreen48@dailymail.co.uk,Polygender
154,Willow,wpeet49@nyu.edu,Genderqueer
155,Justinian,jwolfarth4a@si.edu,Agender
156,Evanne,emillier4b@reference.com,Agender
157,Odette,oprayer4c@auda.org.au,Bigender
158,Johnathan,jmacwhirter4d@nymag.com,Genderfluid
159,Dominique,daddison4e@oaic.gov.au,Genderqueer
160,Jocelyne,jcropton4f@xrea.com,Genderfluid
161,Tabbie,tnorvel4g@springer.com,Genderfluid
162,Darrelle,dsabban4h@indiatimes.com,Non-binary
163,Nero,nsmidmore4i@utexas.edu,Bigender
164,Blaine,brings4j@sohu.com,Non-binary
165,Elwood,edyhouse4k@cargocollective.com,Agender
166,Delcine,dpetras4l@zdnet.com,Bigender
167,Micky,mpevie4m@patch.com,Female
168,Merv,meady4n@google.it,Agender
169,Alonzo,ainns4o@seattletimes.com,Male
170,Dorette,dmcwhinnie4p@so-net.ne.jp,Agender
171,Gillie,gflisher4q@google.it,Genderfluid
172,Ronni,rconneely4r@geocities.com,Bigender
173,Laughton,lgarrat4s@java.com,Non-binary
174,Veronika,vwalework4t@wordpress.com,Genderfluid
175,Isaak,imasselin4u@bandcamp.com,Polygender
176,Silvan,sbellsham4v@noaa.gov,Non-binary
177,Vern,vwaywell4w@trellian.com,Genderfluid
178,Brandi,bgoning4x@webeden.co.uk,Genderqueer
179,Alleyn,abettenay4y@webmd.com,Bigender
180,Mignon,mhyland4z@go.com,Male
181,Binni,bcussins50@geocities.com,Bigender
182,Gabi,gnunesnabarro51@google.co.uk,Genderqueer
183,Wernher,wworvill52@alexa.com,Genderqueer
184,Edvard,emcvicker53@shinystat.com,Male
185,Calli,cstreets54@rediff.com,Bigender
186,Eveline,egatsby55@ocn.ne.jp,Female
187,Alie,aattenburrow56@hp.com,Polygender
188,Candice,calty57@icq.com,Agender
189,Homerus,hmccreedy58@prlog.org,Agender
190,Seka,sbrecknall59@sina.com.cn,Genderqueer
191,Rycca,rgomersal5a@nasa.gov,Female
192,Winslow,wbaistow5b@amazon.co.uk,Male
193,Simeon,sbettlestone5c@discovery.com,Polygender
194,Lindie,ljugging5d@opensource.org,Bigender
195,Bette-ann,bdrejer5e@amazonaws.com,Polygender
196,Odelle,ohalwill5f@nymag.com,Polygender
197,Dar,djollands5g@mozilla.com,Agender
198,Brigitta,bsurby5h@usa.gov,Bigender
199,Anton,atitchen5i@state.tx.us,Polygender
200,Yoshi,ytaphouse5j@deliciousdays.com,Agender
201,Christian,cmatkovic5k@umn.edu,Agender
202,Alyss,amcnerlin5l@bandcamp.com,Polygender
203,Susana,sgillbard5m@cbc.ca,Genderqueer
204,Tracy,trennison5n@wikimedia.org,Female
205,Ashleigh,afruish5o@newsvine.com,Non-binary
206,Allyn,afretwell5p@surveymonkey.com,Genderqueer
207,Aeriell,alynskey5q@ucoz.ru,Polygender
208,Heriberto,hgarmons5r@sakura.ne.jp,Non-binary
209,Aubrie,aabbey5s@ed.gov,Female
210,Alissa,afells5t@telegraph.co.uk,Non-binary
211,Carolann,cfeavers5u@businessinsider.com,Female
212,Alan,akidson5v@gravatar.com,Genderfluid
213,Bobbee,btarpey5w@github.io,Female
214,Monica,mmaddox5x@mail.ru,Male
215,Howie,hjancso5y@is.gd,Bigender
216,Dallis,dskyner5z@pen.io,Agender
217,Ernest,edymott60@example.com,Bigender
218,Andrea,alandsman61@ed.gov,Bigender
219,Nara,nmccosh62@slashdot.org,Non-binary
220,Ashli,aanelay63@nature.com,Polygender
221,Tedmund,tmellsop64@alibaba.com,Polygender
222,Hoyt,hrolfo65@usa.gov,Male
223,Berton,bpollendine66@economist.com,Genderqueer
224,Milli,mreiner67@macromedia.com,Female
225,Holli,hkitching68@dailymotion.com,Male
226,Crosby,ckerman69@timesonline.co.uk,Non-binary
227,Gwenore,gosanne6a@netscape.com,Agender
228,Barbra,bslimmon6b@amazon.co.uk,Bigender
229,Roi,rcleeves6c@free.fr,Agender
230,Alva,afairleigh6d@wsj.com,Agender
231,Henryetta,hbanck6e@icio.us,Non-binary
232,Rufus,reverall6f@tamu.edu,Genderqueer
233,Naoma,npluvier6g@privacy.gov.au,Bigender
234,Giovanni,gploughwright6h@bing.com,Female
235,Charlena,ccastillon6i@engadget.com,Female
236,Kareem,kjewell6j@issuu.com,Polygender
237,Purcell,pabrahart6k@lycos.com,Male
238,Barbara-anne,bausher6l@mlb.com,Genderfluid
239,Germain,gmonson6m@cbslocal.com,Bigender
240,Agnola,aticic6n@loc.gov,Non-binary
241,Felic,fsaward6o@nymag.com,Non-binary
242,Nicolle,nkaesmans6p@goodreads.com,Polygender
243,Giff,gtottie6q@ebay.co.uk,Male
244,Carlotta,chankinson6r@mtv.com,Genderfluid
245,Jammal,jbuckett6s@miibeian.gov.cn,Genderqueer
246,Leanor,lmayhead6t@scientificamerican.com,Polygender
247,Bobby,bgammon6u@census.gov,Genderfluid
248,Lawry,lfessions6v@goo.gl,Genderqueer
249,Rupert,rbaynham6w@ucla.edu,Female
250,Gina,gtineman6x@indiatimes.com,Polygender
251,Lemmy,lbuttrey6y@nature.com,Non-binary
252,Mala,maim6z@altervista.org,Female
253,Willa,wbourton70@domainmarket.com,Female
254,Pauletta,pcaraher71@simplemachines.org,Polygender
255,Lorie,lmaybery72@dot.gov,Non-binary
256,Tye,tesparza73@clickbank.net,Agender
257,Celene,cchestnutt74@ebay.com,Male
258,Jimmy,jsaiz75@google.com.br,Genderqueer
259,Rivalee,rpedracci76@loc.gov,Female
260,Ramona,rensten77@nationalgeographic.com,Non-binary
261,Elle,egopsell78@ezinearticles.com,Non-binary
262,Kaye,kmycroft79@yahoo.com,Agender
263,Bar,bsapsforde7a@delicious.com,Male
264,Aimee,acanedo7b@free.fr,Genderqueer
265,Glynis,ggaspero7c@businessinsider.com,Polygender
266,Guy,gfladgate7d@nationalgeographic.com,Polygender
267,Tulley,tshepeard7e@paginegialle.it,Female
268,Micaela,mhaswell7f@scribd.com,Female
269,Marillin,mpidon7g@youtu.be,Genderqueer
270,Bryn,bgrealy7h@un.org,Female
271,Vida,vmorehall7i@icq.com,Polygender
272,Julia,jkurth7j@ibm.com,Female
273,Beatriz,bcranstone7k@seattletimes.com,Genderfluid
274,Wally,wtresise7l@baidu.com,Genderqueer
275,Jacky,jbarenskie7m@bbc.co.uk,Polygender
276,Archambault,amorton7n@msn.com,Polygender
277,Roxie,rmacdermott7o@tinyurl.com,Genderfluid
278,Ann-marie,abrigg7p@thetimes.co.uk,Male
279,Alexina,apilger7q@vinaora.com,Genderfluid
280,Barney,bangear7r@webeden.co.uk,Male
281,Garrot,ggoseling7s@apple.com,Genderqueer
282,Way,wsimic7t@reverbnation.com,Polygender
283,Issy,isibbe7u@123-reg.co.uk,Agender
284,Mari,mtoffoletto7v@multiply.com,Non-binary
285,Dulcie,dlyste7w@bloomberg.com,Female
286,Anne,akamienski7x@purevolume.com,Agender
287,Elvyn,emintoff7y@hostgator.com,Bigender
288,Imelda,ijedrzejewski7z@about.me,Female
289,Yule,ytrippack80@clickbank.net,Male
290,Jacquelynn,jnewland81@arizona.edu,Genderfluid
291,Ellynn,elidbetter82@tmall.com,Agender
292,Leonardo,lkort83@ibm.com,Genderqueer
293,Rossy,rbanner84@aboutads.info,Male
294,Hakeem,harnison85@sphinn.com,Agender
295,Frederik,fuppett86@europa.eu,Female
296,Bastien,bmallalieu87@mtv.com,Agender
297,Annetta,amalham88@ow.ly,Non-binary
298,Erin,emarquot89@so-net.ne.jp,Agender
299,Nelia,ngartenfeld8a@yellowpages.com,Male
300,Rutherford,rbancroft8b@qq.com,Bigender
301,Meggy,mcarrabott8c@smugmug.com,Male
302,Taddeo,tledingham8d@etsy.com,Genderqueer
303,Allyson,abadcock8e@w3.org,Agender
304,Thain,tdaunay8f@state.gov,Non-binary
305,Dwight,dputtnam8g@indiatimes.com,Genderqueer
306,Colby,cwhaites8h@hc360.com,Polygender
307,Howie,hstud8i@icio.us,Polygender
308,Tiphanie,ttench8j@typepad.com,Agender
309,Fee,falbrecht8k@go.com,Agender
310,Matteo,mport8l@auda.org.au,Bigender
311,Hali,hskpsey8m@myspace.com,Bigender
312,Sebastiano,spolly8n@state.tx.us,Female
313,Almeda,anotton8o@lulu.com,Genderqueer
314,Dulci,dchilderhouse8p@vinaora.com,Genderfluid
315,Tomasine,twenderoth8q@howstuffworks.com,Genderqueer
316,Brianna,bcodron8r@sakura.ne.jp,Male
317,Lonee,lescale8s@kickstarter.com,Female
318,Junette,jmarkl8t@php.net,Non-binary
319,Kamila,kwaryk8u@noaa.gov,Bigender
320,Loleta,lmaidlow8v@miibeian.gov.cn,Male
321,Daisy,dfisby8w@hexun.com,Female
322,Carlita,cponceford8x@dmoz.org,Agender
323,Athene,areardon8y@unc.edu,Polygender
324,Jennilee,jpentony8z@mit.edu,Bigender
325,Alastair,adobbson90@tripadvisor.com,Polygender
326,Robert,rdollin91@shareasale.com,Genderqueer
327,Silvana,sfleet92@jalbum.net,Female
328,Jamesy,jboykett93@stanford.edu,Agender
329,Nikkie,nchant94@ox.ac.uk,Agender
330,Benny,boneil95@hud.gov,Male
331,Deb,dstepto96@arstechnica.com,Bigender
332,Mildrid,mflew97@surveymonkey.com,Genderfluid
333,Shannen,sburgane98@yandex.ru,Genderqueer
334,Damian,dskevington99@networkadvertising.org,Female
335,Tilly,tfilippazzo9a@goo.gl,Female
336,Salim,smozzi9b@freewebs.com,Male
337,Mechelle,mmerington9c@jimdo.com,Bigender
338,Stormi,sgiraths9d@google.ca,Genderfluid
339,Adan,apolding9e@vimeo.com,Male
340,Valle,vgayden9f@bing.com,Genderfluid
341,Barbabra,bcannop9g@umn.edu,Female
342,Letitia,ldesquesnes9h@digg.com,Agender
343,Page,pgreydon9i@huffingtonpost.com,Male
344,Melina,mjeves9j@squidoo.com,Female
345,Brion,bcogger9k@cornell.edu,Agender
346,Caril,cexrol9l@flickr.com,Polygender
347,Emyle,edadd9m@hhs.gov,Genderfluid
348,Crissie,ccutchee9n@homestead.com,Agender
349,Ilsa,imattia9o@jimdo.com,Genderfluid
350,Dorena,darchbald9p@google.pl,Genderqueer
351,Aggie,ascouler9q@dropbox.com,Bigender
352,Gigi,gmaccarter9r@yelp.com,Genderqueer
353,Hannis,hlednor9s@microsoft.com,Female
354,Claudie,claite9t@berkeley.edu,Male
355,Steve,sdurtnal9u@seesaa.net,Female
356,Krystle,kelphick9v@wp.com,Polygender
357,Hayley,hwride9w@hp.com,Genderqueer
358,Mariel,maimable9x@odnoklassniki.ru,Female
359,Alena,acorser9y@admin.ch,Polygender
360,Garrek,grosbotham9z@networksolutions.com,Genderqueer
361,Hertha,hmckoya0@soup.io,Genderfluid
362,Jeromy,jfarloea1@timesonline.co.uk,Agender
363,Dee,dcockella2@reuters.com,Male
364,Georgy,gjeaneta3@amazon.com,Non-binary
365,Trude,tpogsona4@nih.gov,Genderfluid
366,Rickie,rambresina5@theguardian.com,Non-binary
367,Ranique,rfayea6@usnews.com,Male
368,Eydie,ebeckerlega7@w3.org,Female
369,Kerr,khargatea8@fastcompany.com,Polygender
370,Jeremie,jildena9@biblegateway.com,Genderqueer
371,Harrison,hgirardettiaa@rediff.com,Genderfluid
372,Johny,jmazziaab@indiegogo.com,Polygender
373,Antonin,amoarac@ocn.ne.jp,Genderfluid
374,Verla,vhowittad@etsy.com,Genderfluid
375,Hendrick,htruslerae@microsoft.com,Female
376,Sergeant,scronshawaf@unicef.org,Bigender
377,Gordon,gchesshyreag@sciencedaily.com,Genderqueer
378,Ofella,ohurdisah@zdnet.com,Genderfluid
379,Karly,kllewellenai@surveymonkey.com,Bigender
380,Roberto,rrumbelowaj@technorati.com,Male
381,Jeanne,jcrockfordak@mit.edu,Female
382,Nydia,nhavershamal@toplist.cz,Female
383,Guillermo,gwaymanam@msu.edu,Non-binary
384,Jerrie,jsaxbyan@discovery.com,Non-binary
385,Sibeal,sbortonao@archive.org,Agender
386,Martyn,mmanuelloap@noaa.gov,Non-binary
387,Patricio,pfishbourneaq@narod.ru,Agender
388,Constancia,ckhrishtafovichar@google.com.br,Polygender
389,Della,ddyas@tumblr.com,Bigender
390,Ernestus,efeiferat@tripadvisor.com,Agender
391,Inesita,iparminterau@census.gov,Non-binary
392,Cleon,cdunneav@fastcompany.com,Male
393,Seumas,sbilsborrowaw@opera.com,Bigender
394,Bendick,bmulhollandax@devhub.com,Non-binary
395,Tris,tburnistonay@netscape.com,Agender
396,Lowe,lpitchersaz@soup.io,Male
397,Olive,ohryncewiczb0@github.com,Non-binary
398,Vonni,vvoletteb1@ihg.com,Agender
399,Germayne,ggianneschib2@mozilla.org,Polygender
400,Emily,ebaldinb3@archive.org,Agender
401,Sean,smctrustamb4@hc360.com,Genderqueer
402,Dylan,dpenfoldb5@google.cn,Bigender
403,Paten,pseiterb6@imdb.com,Genderfluid
404,Hilliary,hwaudbyb7@github.com,Male
405,Donovan,dsheldrickb8@comsenz.com,Non-binary
406,Aubree,astrognellb9@dot.gov,Female
407,Thomasa,trosenstielba@nytimes.com,Female
408,Jesse,jrizonbb@rambler.ru,Genderfluid
409,Jule,jsutlieffbc@gravatar.com,Non-binary
410,Hedy,hpaladinibd@qq.com,Agender
411,Piper,patwoolbe@wikimedia.org,Genderfluid
412,Sterling,smasedonbf@salon.com,Genderqueer
413,Evvie,eminearbg@ftc.gov,Non-binary
414,Gregoire,ggrowybh@trellian.com,Male
415,Rickie,revesbi@quantcast.com,Bigender
416,Norene,nchastagnierbj@angelfire.com,Bigender
417,Joleen,jtanslybk@state.tx.us,Female
418,Amie,alethcoebl@wsj.com,Non-binary
419,Albert,apantherbm@jigsy.com,Non-binary
420,Iris,ipiertonbn@sphinn.com,Non-binary
421,Tobye,tkiddyebo@amazon.co.jp,Agender
422,Zeke,zedwickebp@cornell.edu,Agender
423,Tiler,tjecksbq@ebay.com,Genderqueer
424,Hildegarde,hcaudraybr@sohu.com,Polygender
425,Aubry,aludvigsenbs@yellowpages.com,Bigender
426,Talbot,tbuntinbt@craigslist.org,Bigender
427,Blane,breymersbu@yale.edu,Genderfluid
428,Rab,rberryclothbv@shareasale.com,Genderfluid
429,Kristos,ktampenbw@51.la,Agender
430,Claudell,cvicentbx@networkadvertising.org,Bigender
431,Igor,irochesby@ca.gov,Polygender
432,Mattheus,mgoodrickebz@archive.org,Male
433,Claybourne,cpirazzic0@nytimes.com,Male
434,Timmie,tduiguidc1@dell.com,Polygender
435,Billi,bbywatersc2@biglobe.ne.jp,Female
436,Druci,dfiddianc3@tinypic.com,Female
437,Carney,cdalwisc4@marketwatch.com,Bigender
438,Gian,gcrowcroftc5@oaic.gov.au,Agender
439,Donal,dsarllc6@digg.com,Genderfluid
440,Courtney,caseyc7@webmd.com,Polygender
441,Ingram,imulryanc8@cdbaby.com,Agender
442,Chane,ccholtonc9@shinystat.com,Polygender
443,Elisha,egriegerca@wiley.com,Bigender
444,Jourdan,jstillmanncb@free.fr,Polygender
445,Arline,aspilemancc@purevolume.com,Non-binary
446,Marie,mfarnincd@fema.gov,Bigender
447,Jamie,jscogince@last.fm,Bigender
448,Levon,lgarviecf@sciencedirect.com,Non-binary
449,Diandra,dpopescucg@bluehost.com,Agender
450,Malia,medmonsch@dot.gov,Bigender
451,Sancho,sbegentci@noaa.gov,Genderfluid
452,Vernice,vhallstonecj@infoseek.co.jp,Male
453,Xena,xmaxfieldck@sphinn.com,Genderqueer
454,Ilaire,igronouscl@mozilla.com,Non-binary
455,Gregory,gambroziakcm@woothemes.com,Genderfluid
456,Carolee,ckortingcn@instagram.com,Agender
457,Whitby,wmullineuxco@zdnet.com,Female
458,Darb,dtuckeycp@yolasite.com,Male
459,Ty,tknottecq@apache.org,Male
460,Merlina,mfollisscr@studiopress.com,Non-binary
461,Rosana,rcucuzzacs@tuttocitta.it,Polygender
462,Deena,dlazenburyct@goo.gl,Agender
463,Leeanne,lprendergrasscu@about.me,Non-binary
464,Rollo,rsambathcv@hugedomains.com,Genderqueer
465,Darcy,dwoollacottcw@bigcartel.com,Female
466,Michael,mcerithcx@weebly.com,Bigender
467,Hinze,hbullantcy@furl.net,Male
468,Brook,bdowglasscz@imageshack.us,Female
469,Rich,rinworthd0@devhub.com,Non-binary
470,Leora,lfairburned1@house.gov,Non-binary
471,Ramona,rtrubshawed2@princeton.edu,Bigender
472,Reuben,rwapold3@cornell.edu,Male
473,Aloysius,asticklerd4@shareasale.com,Male
474,Sansone,srundalld5@google.it,Polygender
475,Mariya,msalamond6@google.it,Polygender
476,Timothea,tdayd7@baidu.com,Bigender
477,Maggi,mbrothertond8@woothemes.com,Agender
478,Melisse,mpedraccid9@webmd.com,Male
479,Delinda,dcorbyda@example.com,Genderfluid
480,Kyla,kernidb@angelfire.com,Non-binary
481,Uri,uhartgilldc@prlog.org,Agender
482,Emalee,epicknettdd@slideshare.net,Bigender
483,Hershel,hsilberschatzde@devhub.com,Non-binary
484,Agosto,atinedf@tuttocitta.it,Non-binary
485,Bartolomeo,bjouhningdg@reverbnation.com,Genderfluid
486,Deanna,dunwindh@google.com.hk,Polygender
487,Marian,mskillmandi@unicef.org,Polygender
488,Elianore,etelegadj@bloomberg.com,Genderfluid
489,Candy,cwiggdk@pbs.org,Non-binary
490,Titos,tdeavedl@weibo.com,Genderqueer
491,Earle,edrewesdm@mozilla.org,Non-binary
492,Moritz,mfernedn@infoseek.co.jp,Genderqueer
493,Burr,blemonbydo@nba.com,Agender
494,Feodora,fabramamovhdp@irs.gov,Agender
495,Chiquia,cstepneydq@newsvine.com,Bigender
496,Brennan,bstuchberydr@xrea.com,Bigender
497,Sauveur,screminsds@trellian.com,Polygender
498,Tracey,ttomasidt@prweb.com,Genderfluid
499,Corie,chearthfielddu@sphinn.com,Polygender
500,Viviyan,vtisselldv@globo.com,Female
501,Mikkel,mselwooddw@cocolog-nifty.com,Agender
502,Dorry,dvolantedx@illinois.edu,Female
503,Myrlene,mszachniewiczdy@paginegialle.it,Genderfluid
504,Penni,pvonhindenburgdz@nba.com,Agender
505,Ellwood,ejendrickee0@examiner.com,Genderfluid
506,Dana,djakoviljevice1@slideshare.net,Polygender
507,Bennett,bmorganse2@washington.edu,Bigender
508,Gardiner,gmcbaye3@eventbrite.com,Bigender
509,Tillie,tbanfielde4@discuz.net,Polygender
510,Ellie,ebridgwatere5@ifeng.com,Polygender
511,Kip,kgrigorushkine6@ucoz.com,Male
512,Dulce,dludee7@kickstarter.com,Bigender
513,Clemente,cwharine8@ustream.tv,Polygender
514,Deena,dalmacke9@apache.org,Female
515,Carita,cmaultea@home.pl,Non-binary
516,Maxwell,mcattellioneb@answers.com,Genderfluid
517,Ellwood,etassellec@networksolutions.com,Genderfluid
518,Wynnie,wnarramoreed@discuz.net,Agender
519,Viviyan,vcattersonee@hugedomains.com,Genderqueer
520,Locke,lblackalleref@dailymail.co.uk,Non-binary
521,Doralia,dbraveyeg@mlb.com,Male
522,Jeana,jmacgilmartineh@wordpress.org,Bigender
523,Cariotta,ciredellei@ycombinator.com,Non-binary
524,Meryl,mmackellerej@cnn.com,Agender
525,Korey,kghidettiek@foxnews.com,Bigender
526,Rawley,rmoncreifel@nyu.edu,Female
527,Kirsten,kkikkeem@ameblo.jp,Genderqueer
528,Daphna,drumbellowen@imgur.com,Female
529,Maegan,mphelipeauxeo@yellowbook.com,Female
530,Ros,realesep@techcrunch.com,Genderqueer
531,Patti,pmcraveyeq@bloglines.com,Non-binary
532,Nessy,nambrosolier@flickr.com,Male
533,Shepherd,slofthousees@blinklist.com,Genderqueer
534,Cherry,cmccarlichet@state.tx.us,Female
535,Marena,mantowskieu@yellowpages.com,Genderqueer
536,Lucho,lstychev@cbslocal.com,Agender
537,Gordy,ggheorghieew@homestead.com,Bigender
538,Dulcia,dmackerleyex@noaa.gov,Male
539,Cody,cduddelley@irs.gov,Polygender
540,Anni,awellbeloveez@redcross.org,Non-binary
541,Thea,tgaytorf0@google.com,Genderqueer
542,Bastien,bfuentef1@guardian.co.uk,Non-binary
543,Reuben,rharknessf2@cdc.gov,Agender
544,Tamas,tlubyf3@wiley.com,Agender
545,Felice,fgronowf4@domainmarket.com,Female
546,Lowe,lleppof5@wordpress.com,Genderfluid
547,Tito,tronaghanf6@posterous.com,Agender
548,Caterina,cdinglef7@blogs.com,Genderfluid
549,Cindie,cbedboroughf8@w3.org,Genderfluid
550,Evey,eboornef9@hud.gov,Female
551,Lodovico,lschwierfa@istockphoto.com,Non-binary
552,Katrine,kruggfb@goodreads.com,Genderfluid
553,Vidovik,vkerranefc@vinaora.com,Male
554,Tootsie,tgladdinfd@prnewswire.com,Genderqueer
555,Saleem,sorrofe@exblog.jp,Female
556,Willy,wbakewellff@hp.com,Bigender
557,Georgi,gmcaleesefg@bandcamp.com,Agender
558,Lena,lshillomfh@blog.com,Male
559,Ned,nshirdfi@blogspot.com,Polygender
560,Mozelle,msyvretfj@networkadvertising.org,Genderfluid
561,Karna,kjorezfk@php.net,Genderfluid
562,Cristionna,cmerckfl@census.gov,Agender
563,Orel,ogallawayfm@usda.gov,Bigender
564,Candra,cgreensidesfn@spiegel.de,Polygender
565,Ulick,ulordenfo@wordpress.org,Non-binary
566,Lura,lcloggfp@sohu.com,Female
567,Cameron,ctrinderfq@flickr.com,Female
568,Marten,mcramfr@unesco.org,Male
569,Philomena,pferreirofs@stanford.edu,Bigender
570,Alyse,aausherft@army.mil,Genderfluid
571,Marita,mmannockfu@tmall.com,Bigender
572,Ervin,emikalskifv@noaa.gov,Female
573,Evered,ethoumasfw@merriam-webster.com,Genderqueer
574,Faith,fpeirpointfx@hubpages.com,Polygender
575,Annelise,amarchandfy@theglobeandmail.com,Bigender
576,Robinet,rnerneyfz@ucoz.ru,Female
577,Orrin,otolcherg0@senate.gov,Polygender
578,Alphonso,anewvellg1@zdnet.com,Genderqueer
579,Kylynn,kconstantineg2@apple.com,Agender
580,Kevan,kdinapolig3@miibeian.gov.cn,Male
581,Rebe,rpeachmentg4@paginegialle.it,Female
582,Eveline,ethackstong5@mail.ru,Non-binary
583,Morgun,mkwietekg6@xinhuanet.com,Agender
584,Dehlia,dgunthorpg7@cbsnews.com,Polygender
585,Rolando,rwhitsung8@hao123.com,Non-binary
586,Hilary,hcadleg9@cargocollective.com,Polygender
587,Germain,grentoulga@mysql.com,Genderfluid
588,Wye,wlackeyegb@mashable.com,Genderfluid
589,Hettie,hsouthorngc@topsy.com,Genderfluid
590,Kayle,kmacgiollapheadairgd@lulu.com,Genderfluid
591,Kermy,kburgange@parallels.com,Male
592,Charley,croccogf@psu.edu,Non-binary
593,Ezra,ehogsdengg@virginia.edu,Genderqueer
594,Cecilio,cwaistallgh@cam.ac.uk,Genderfluid
595,Burlie,bmargrettgi@weibo.com,Agender
596,Lamar,lmacknielygj@amazon.co.uk,Agender
597,Isidore,igreensmithgk@illinois.edu,Female
598,Gerladina,ggreedygl@economist.com,Bigender
599,Sonni,svittetgm@disqus.com,Male
600,Ezri,eshavesgn@skype.com,Male
601,Timmi,tprallgo@friendfeed.com,Male
602,Candie,cjoutapaviciusgp@nymag.com,Bigender
603,Morrie,mhanselmanngq@admin.ch,Male
604,Cthrine,codagr@upenn.edu,Male
605,Raimundo,rmathesongs@google.com.br,Genderfluid
606,Linnell,lbarltropgt@vistaprint.com,Agender
607,Genna,gcowgillgu@google.fr,Genderqueer
608,Reggis,rbillingslygv@fema.gov,Female
609,Celestyn,clambersengw@indiegogo.com,Male
610,Jillane,jbraidleygx@illinois.edu,Genderqueer
611,Berri,bpaffordgy@columbia.edu,Polygender
612,Ferguson,fbuesnelgz@gov.uk,Genderqueer
613,Gar,glibbeh0@weebly.com,Genderqueer
614,Yoko,yveltmannh1@fema.gov,Genderqueer
615,Devonna,dchrstineh2@cbc.ca,Female
616,Silvain,spellewh3@blog.com,Male
617,Mauricio,mbavesterh4@nasa.gov,Female
618,Tyne,tchristoforh5@foxnews.com,Female
619,Boote,briplyh6@xinhuanet.com,Genderfluid
620,Baxie,bmactavishh7@go.com,Polygender
621,Zacherie,zextalh8@kickstarter.com,Male
622,Brita,bcunniamh9@shinystat.com,Female
623,Davin,dpridenha@de.vu,Agender
624,Sophronia,sbosmanhb@flavors.me,Male
625,Carlota,cpegdenhc@yahoo.co.jp,Non-binary
626,Henryetta,hritchardhd@shop-pro.jp,Genderfluid
627,Coriss,challgarthhe@economist.com,Bigender
628,Scotti,smcgeorgehf@wikimedia.org,Genderfluid
629,Noah,ngladinghg@mozilla.com,Genderqueer
630,Belicia,bcreberhh@narod.ru,Polygender
631,Maddalena,mmillsaphi@examiner.com,Male
632,Jehu,jlevicounthj@printfriendly.com,Non-binary
633,Reamonn,rgentilhk@hubpages.com,Polygender
634,Delmar,dknewstubbhl@dion.ne.jp,Male
635,Padraic,psalsburyhm@123-reg.co.uk,Genderqueer
636,Charity,cdehnhn@mysql.com,Agender
637,Lavina,lwhitneyho@mapy.cz,Male
638,Aretha,achinnhp@amazon.de,Male
639,Lauralee,lborderhq@wiley.com,Genderfluid
640,Merilee,mlandsberghr@abc.net.au,Agender
641,Ginnifer,gstairhs@123-reg.co.uk,Agender
642,Amelia,acapeloffht@hp.com,Female
643,Cullin,ctschierschhu@cam.ac.uk,Agender
644,Brannon,bpoyntzhv@wiley.com,Genderfluid
645,Jarrett,jdownerhw@unicef.org,Non-binary
646,Ailbert,afidelerhx@cargocollective.com,Bigender
647,Chan,csalternhy@over-blog.com,Polygender
648,Cyndi,corielhz@list-manage.com,Polygender
649,Shela,sdunkerleyi0@toplist.cz,Male
650,Corabella,cmosleyi1@ameblo.jp,Non-binary
651,Theodosia,ttettleyi2@ucsd.edu,Agender
652,Bentlee,btoppini3@netvibes.com,Bigender
653,Cordy,cthackwrayi4@instagram.com,Genderfluid
654,Shanon,sciabatterii5@ox.ac.uk,Non-binary
655,Easter,egippi6@cornell.edu,Bigender
656,Daphene,dwyborni7@plala.or.jp,Bigender
657,Fran,fbuchami8@fc2.com,Female
658,Deck,dgallichani9@chron.com,Agender
659,Damara,dcamolettoia@go.com,Genderqueer
660,Alphard,abessetib@fda.gov,Polygender
661,Mikael,mstanesic@nih.gov,Polygender
662,Inglis,ifirthid@imdb.com,Female
663,Clive,cerwinie@mac.com,Agender
664,Kent,kmaccathayif@hc360.com,Genderqueer
665,Lorita,ldjakovicig@theglobeandmail.com,Polygender
666,Sancho,sfoggartyih@tumblr.com,Agender
667,Chelsy,cmottii@t-online.de,Agender
668,Clarine,clangrishij@opensource.org,Agender
669,Cassaundra,csharplingik@answers.com,Polygender
670,Eddi,ewyssil@theatlantic.com,Agender
671,Sal,shourstonim@weather.com,Polygender
672,Gabriel,gmccalumin@webnode.com,Male
673,Saunderson,saudsleyio@ted.com,Genderqueer
674,Raymund,rdacostaip@japanpost.jp,Non-binary
675,Esther,emcgrayiq@cloudflare.com,Genderfluid
676,Fredericka,fgoltir@nhs.uk,Agender
677,Aharon,apenchenis@businessweek.com,Polygender
678,Dunc,dmcileenit@artisteer.com,Genderfluid
679,Jsandye,jlaughliniu@usa.gov,Female
680,Catlee,cknealeiv@moonfruit.com,Male
681,Abbi,acasselsiw@tuttocitta.it,Female
682,Aeriell,adelucaix@instagram.com,Agender
683,Evelyn,edriscolliy@vk.com,Non-binary
684,Wendi,wmacpaikeiz@elpais.com,Non-binary
685,Francisca,fchippindalej0@1688.com,Genderqueer
686,Kyle,kjenckenj1@tmall.com,Non-binary
687,Basil,bcossamj2@1688.com,Agender
688,Tine,tvenneurj3@naver.com,Agender
689,Fitz,fghionij4@qq.com,Bigender
690,Rainer,rjossumj5@wordpress.com,Male
691,Cati,ckemwallj6@freewebs.com,Female
692,Erena,emibournej7@zimbio.com,Polygender
693,Raul,rlindenmanj8@guardian.co.uk,Genderfluid
694,Alex,aevisonj9@archive.org,Polygender
695,Urban,umannevilleja@constantcontact.com,Genderfluid
696,Roxanne,rdittyjb@yolasite.com,Genderqueer
697,Tadeas,tdarterjc@hexun.com,Agender
698,Monika,mmandrejd@ucoz.ru,Genderqueer
699,Eldon,eourryje@photobucket.com,Bigender
700,Gal,gparlattjf@privacy.gov.au,Genderfluid
701,Herman,hbreaganjg@acquirethisname.com,Male
702,Sonnie,srawcliffejh@utexas.edu,Female
703,Penni,pklaggesji@ucsd.edu,Genderqueer
704,Britni,bpurveyjj@newyorker.com,Agender
705,Starlene,spfaffeljk@homestead.com,Non-binary
706,Clyve,cfuzzeyjl@ezinearticles.com,Non-binary
707,Guilbert,gtunbridgejm@wordpress.com,Bigender
708,Jeth,jnovakovicjn@etsy.com,Genderfluid
709,Samantha,shaughanjo@dailymotion.com,Genderfluid
710,Bernadina,bglavejp@miitbeian.gov.cn,Female
711,Edlin,efrunksjq@bloomberg.com,Male
712,Melli,mdhenninjr@oakley.com,Genderfluid
713,Peri,pphilipeauxjs@bloglines.com,Male
714,Benson,breadingsjt@theglobeandmail.com,Bigender
715,Jerald,jmccreeju@wunderground.com,Agender
716,Abe,alinningjv@amazon.co.jp,Female
717,Margy,mkelingjw@wunderground.com,Female
718,Duffy,dbrewinsjx@constantcontact.com,Male
719,Eugenia,ebergejy@sun.com,Male
720,Kennett,kcockrenjz@ask.com,Bigender
721,Fabiano,fblaxelandk0@ycombinator.com,Female
722,Elsie,enealyk1@bandcamp.com,Male
723,Livia,ltaylorsonk2@naver.com,Bigender
724,Solomon,skonertk3@arizona.edu,Female
725,Tome,tshanksk4@blog.com,Female
726,Lexi,lritellik5@msn.com,Polygender
727,Charil,csheerk6@blogs.com,Non-binary
728,Cletis,cgergusk7@foxnews.com,Bigender
729,Lindsey,livasyushkink8@marriott.com,Agender
730,Rachele,rmeatonk9@globo.com,Non-binary
731,Paulo,ppaolilloka@indiatimes.com,Polygender
732,Remington,rgaufordkb@amazon.co.uk,Male
733,Hester,halfonzokc@mail.ru,Genderqueer
734,Fabian,fkohlertkd@gmpg.org,Non-binary
735,Markos,mleyrroydke@themeforest.net,Male
736,Agace,aloomiskf@thetimes.co.uk,Male
737,Jed,jwoofendenkg@nifty.com,Bigender
738,Annis,ayouniekh@bloomberg.com,Genderqueer
739,Floria,fmcgarahanki@bizjournals.com,Polygender
740,Kerstin,kstuddeardkj@netlog.com,Genderfluid
741,Gerald,grosenhauptkk@mac.com,Genderfluid
742,Gianina,gdrewekl@mit.edu,Polygender
743,Fawnia,fbearblockkm@home.pl,Agender
744,Huntington,hchristofolkn@accuweather.com,Polygender
745,Netty,nferrynko@telegraph.co.uk,Genderqueer
746,Annamarie,asollowayekp@gravatar.com,Genderfluid
747,Kaia,krewankq@constantcontact.com,Genderqueer
748,Jamey,jpressmankr@webmd.com,Non-binary
749,Cathy,colivasks@loc.gov,Polygender
750,Bryan,bstroobandkt@prweb.com,Bigender
751,Orv,ofulgerku@comsenz.com,Genderfluid
752,Patricio,pculbardkv@berkeley.edu,Female
753,Ramona,rlapworthkw@businessweek.com,Genderfluid
754,Reeva,rtabourkx@so-net.ne.jp,Polygender
755,Theda,tkeavenyky@buzzfeed.com,Genderqueer
756,Kerrin,ksollowaykz@mit.edu,Genderqueer
757,Pace,pleggesl0@tinyurl.com,Male
758,Shirley,skunnekel1@oaic.gov.au,Male
759,Torrin,twisonl2@opera.com,Male
760,Boigie,bwhitehairl3@upenn.edu,Polygender
761,Elbertina,eschumacherl4@soundcloud.com,Non-binary
762,Zelig,zklulisekl5@liveinternet.ru,Bigender
763,Freddie,fhavilel6@sohu.com,Genderqueer
764,Amalee,apickrelll7@nymag.com,Bigender
765,Shanon,spurseglovel8@uol.com.br,Polygender
766,Veradis,vfarnesl9@addthis.com,Bigender
767,Yasmeen,yruthvenla@cdbaby.com,Non-binary
768,Blaine,brenolslb@house.gov,Bigender
769,Jerrilee,jofeeneylc@biglobe.ne.jp,Polygender
770,Curry,coreganld@sitemeter.com,Bigender
771,Lara,lzellandle@devhub.com,Polygender
772,Ros,rlandmanlf@csmonitor.com,Bigender
773,Honoria,hputtnamlg@dion.ne.jp,Female
774,Maurise,mchasmorlh@archive.org,Genderqueer
775,Mufi,mripingli@mozilla.com,Polygender
776,Antoine,aeltunlj@opera.com,Genderqueer
777,Lorinda,lwayperlk@merriam-webster.com,Bigender
778,Stormi,sbettertonll@youtu.be,Agender
779,Travis,tcroizierlm@microsoft.com,Polygender
780,Jerrylee,jlambrookln@ted.com,Agender
781,Rebekah,rgaudenlo@elpais.com,Genderqueer
782,Carlene,clafondlp@admin.ch,Female
783,Sanson,sickowiczlq@go.com,Non-binary
784,Milli,mstuttardlr@infoseek.co.jp,Polygender
785,Torey,tdeaguirrels@house.gov,Male
786,Perkin,pmckerleylt@youtu.be,Polygender
787,Vincenty,vneedlu@techcrunch.com,Non-binary
788,Lyle,lenterlelv@adobe.com,Agender
789,Benny,bcarradicelw@bizjournals.com,Genderfluid
790,Brant,bmidgleylx@google.pl,Non-binary
791,Morie,mbleesly@microsoft.com,Bigender
792,Dennison,dlewislz@twitter.com,Genderfluid
793,Jewell,jcrowdym0@ucsd.edu,Genderfluid
794,Garret,gmcgrielem1@livejournal.com,Bigender
795,Charlie,cwadmorem2@zimbio.com,Non-binary
796,Codi,cgorrissenm3@google.com.br,Non-binary
797,Shara,sbrickwoodm4@foxnews.com,Polygender
798,Marianna,mmeehanm5@google.com.au,Non-binary
799,Wyndham,wwastellm6@sogou.com,Genderfluid
800,Husein,hcuckoom7@cbsnews.com,Bigender
801,Waldon,wwankam8@yolasite.com,Polygender
802,Aileen,abosketm9@privacy.gov.au,Female
803,Lane,lbailliema@arstechnica.com,Male
804,Daryl,daxfordmb@google.nl,Male
805,Niles,nsalthousemc@theguardian.com,Male
806,Weber,wrylattmd@time.com,Bigender
807,Nan,nridewoodme@usda.gov,Non-binary
808,Pat,pmillwatermf@soup.io,Bigender
809,Aryn,ahenrotmg@skyrock.com,Genderqueer
810,Eolanda,ekeddeymh@cyberchimps.com,Male
811,Deane,dcarmodymi@prweb.com,Male
812,Justinian,jlinesmj@cornell.edu,Female
813,Eilis,ebarthropmk@1und1.de,Non-binary
814,Cyrus,ccreevyml@phoca.cz,Genderqueer
815,Liv,lscapelhornmm@ow.ly,Genderqueer
816,Harald,hfrancescucciomn@g.co,Female
817,Kira,klampenmo@mapy.cz,Polygender
818,Eartha,esherbrookmp@drupal.org,Male
819,Janean,jantenmq@de.vu,Agender
820,Carroll,ccoultmr@bloomberg.com,Bigender
821,Marielle,mruberryms@mac.com,Genderqueer
822,Dolores,dmcclintonmt@liveinternet.ru,Genderfluid
823,Enrika,ereapemu@macromedia.com,Bigender
824,Thain,tcicceralemv@netlog.com,Bigender
825,Carree,cfalconermw@1688.com,Male
826,Tadd,tmalesmx@discovery.com,Bigender
827,Merridie,mmccriemy@nih.gov,Non-binary
828,Trevor,trostenmz@hostgator.com,Genderfluid
829,Dolph,dkantern0@hexun.com,Non-binary
830,Dewie,deckhn1@geocities.jp,Non-binary
831,Alfy,aakersn2@rambler.ru,Non-binary
832,Birch,bcrennann3@uol.com.br,Genderfluid
833,Maritsa,mcartmeln4@ustream.tv,Genderfluid
834,Cassandry,cciementinin5@psu.edu,Genderqueer
835,Dorian,dbarbien6@yellowbook.com,Genderqueer
836,Asia,ahendricksonn7@stanford.edu,Polygender
837,Gwyneth,gdeardenn8@fda.gov,Polygender
838,Sigmund,sathown9@xrea.com,Male
839,Franni,fmoylerna@ucla.edu,Bigender
840,Rahal,rslocumnb@discovery.com,Non-binary
841,Janith,jeudallnc@fc2.com,Polygender
842,Arnaldo,ageeritznd@house.gov,Agender
843,Leanor,lkennane@csmonitor.com,Bigender
844,Clemence,cvizenf@jugem.jp,Male
845,Pascal,pcambridgeng@nature.com,Bigender
846,Gwyneth,gsouthnh@independent.co.uk,Genderfluid
847,Barri,bhardistryni@japanpost.jp,Non-binary
848,Arlene,adynenj@craigslist.org,Male
849,Sean,shaswellnk@parallels.com,Genderqueer
850,Cherrita,cbrimmingnl@wikimedia.org,Male
851,Aland,ablackwellnm@plala.or.jp,Bigender
852,Silvie,splumenn@comsenz.com,Male
853,Domingo,dvalentettino@blogger.com,Polygender
854,Michaeline,mboothnp@about.me,Non-binary
855,Shermie,szanettininq@buzzfeed.com,Bigender
856,Leicester,lullrichnr@delicious.com,Male
857,Lancelot,lfitzgibbonns@php.net,Genderqueer
858,Huberto,hpeidront@bigcartel.com,Agender
859,Raynard,rmccobbnu@mashable.com,Bigender
860,Wynnie,wgatemannv@guardian.co.uk,Agender
861,Torin,tlosseljongnw@toplist.cz,Bigender
862,Vilma,vkopeckanx@free.fr,Bigender
863,Ogden,otrundellny@bloomberg.com,Female
864,Koressa,kshimuknz@youtube.com,Agender
865,Heinrick,htappino0@biglobe.ne.jp,Genderqueer
866,Cass,clevesqueo1@is.gd,Genderqueer
867,Gerrilee,gsummerlieo2@zimbio.com,Non-binary
868,Johny,jcraythorneo3@arstechnica.com,Polygender
869,Sheryl,shanrettyo4@columbia.edu,Non-binary
870,Lucinda,lfeeneyo5@over-blog.com,Male
871,Dalis,dstledgero6@ucoz.ru,Male
872,Jarred,jrickertseno7@craigslist.org,Polygender
873,Hailee,hdurstono8@howstuffworks.com,Genderfluid
874,Cull,cstoveso9@angelfire.com,Genderfluid
875,Aldwin,aterlindenoa@washingtonpost.com,Female
876,Aaron,ashemmansob@auda.org.au,Female
877,Ettie,ebrachelloc@usnews.com,Non-binary
878,Letty,lhowdenod@noaa.gov,Agender
879,Gaultiero,gchanningoe@t.co,Female
880,Angelia,astandageof@cbsnews.com,Non-binary
881,Thalia,tlembrickog@slashdot.org,Bigender
882,Bernie,bcontioh@mtv.com,Polygender
883,Annette,ahiscoeoi@ning.com,Female
884,Nicola,npeacheyoj@marriott.com,Female
885,Aloise,ahymasok@ucsd.edu,Agender
886,Talyah,tmorcombeol@liveinternet.ru,Female
887,Zita,zsedgemondom@spiegel.de,Female
888,Andie,acrosseon@ibm.com,Genderqueer
889,Buiron,bbrinsdenoo@prlog.org,Bigender
890,Phaedra,pbellisonop@networksolutions.com,Female
891,Cleve,cstoweroq@miitbeian.gov.cn,Female
892,Janie,jrichingsor@wikispaces.com,Agender
893,Haily,hsoutheyos@istockphoto.com,Bigender
894,Ferdinanda,fdaveridgeot@g.co,Bigender
895,Ilysa,ibennikeou@symantec.com,Polygender
896,Darcey,ddaughtonov@narod.ru,Agender
897,Demott,dekeow@japanpost.jp,Bigender
898,Lauren,lainsburyox@macromedia.com,Male
899,Stormy,sdraysayoy@craigslist.org,Female
900,Carney,cmcduffieoz@cocolog-nifty.com,Genderqueer
901,Inigo,ioldhamp0@upenn.edu,Genderqueer
902,Osbourne,oemmisonp1@deliciousdays.com,Genderqueer
903,Berenice,bkeinratp2@gizmodo.com,Agender
904,Rolfe,rlerwayp3@stanford.edu,Female
905,Helenka,hhowep4@nbcnews.com,Non-binary
906,Greg,gfoundp5@ovh.net,Male
907,Kirsti,kwhitfieldp6@ovh.net,Bigender
908,Arlyn,abroomp7@prweb.com,Agender
909,Oberon,olovejoyp8@xinhuanet.com,Agender
910,Angil,ahammerp9@google.ca,Non-binary
911,Francine,fwindsorpa@webs.com,Bigender
912,Herold,hjammetpb@studiopress.com,Genderfluid
913,Pris,pelcockspc@prnewswire.com,Genderfluid
914,Clementine,cparysiakpd@microsoft.com,Polygender
915,Gaylord,gsidsaffpe@wikia.com,Polygender
916,Kimbra,kfeldbergerpf@rakuten.co.jp,Female
917,Ilene,iphizakarleypg@surveymonkey.com,Non-binary
918,Charline,cmullineuxph@java.com,Polygender
919,Clareta,cmilsonpi@gov.uk,Genderqueer
920,Eli,eenstenpj@auda.org.au,Genderqueer
921,Blakeley,btattershallpk@blogger.com,Non-binary
922,Kettie,kphelipeaupl@army.mil,Bigender
923,Ellary,esircombepm@wordpress.com,Bigender
924,Alexis,aemlynpn@twitter.com,Female
925,Sukey,sguidonepo@unc.edu,Genderqueer
926,Agna,acridlanpp@diigo.com,Bigender
927,Reagen,rkelwaybamberpq@goo.gl,Non-binary
928,Everett,egoulbournepr@apple.com,Non-binary
929,Teddy,tflecknops@wikipedia.org,Genderfluid
930,Bridget,bdowpt@domainmarket.com,Male
931,Luciana,ldovidianpu@businesswire.com,Non-binary
932,Cristin,ccleatorpv@google.ca,Agender
933,Leroi,lhofnerpw@wikispaces.com,Female
934,Loren,lvineypx@ibm.com,Male
935,Sada,sbleezepy@4shared.com,Female
936,Tabina,tcowpepz@g.co,Non-binary
937,Nan,nwindibankq0@mail.ru,Polygender
938,Angelique,acarressq1@gravatar.com,Non-binary
939,Keeley,kianettiq2@nhs.uk,Genderqueer
940,Jenifer,jbrissonq3@printfriendly.com,Non-binary
941,Olimpia,omarcussenq4@usa.gov,Genderqueer
942,Shalna,scorahq5@cisco.com,Bigender
943,Hildegarde,hvineq6@hugedomains.com,Non-binary
944,Joseph,jremerq7@google.pl,Male
945,Marianna,myeolandq8@pen.io,Genderqueer
946,Matthiew,morredq9@google.it,Female
947,Luis,lanettsqa@chron.com,Bigender
948,Robert,rrallsqb@wufoo.com,Non-binary
949,Kendrick,kbonnellqc@networkadvertising.org,Male
950,Lynnette,lrudolphqd@nationalgeographic.com,Non-binary
951,Kin,kelieqe@goo.ne.jp,Genderfluid
952,Stacee,spartingtonqf@msn.com,Bigender
953,Tuck,tlesorqg@alibaba.com,Male
954,Janela,jrohfsenqh@about.com,Genderfluid
955,Chastity,cpaolucciqi@cmu.edu,Male
956,Brig,bwreifordqj@yahoo.co.jp,Genderqueer
957,Verile,vhinrichsenqk@latimes.com,Female
958,Mohandis,mmiddleql@unicef.org,Genderqueer
959,Evelina,ebolanqm@amazon.co.jp,Polygender
960,Lowrance,leastbyqn@nhs.uk,Agender
961,Averill,ahelderqo@smh.com.au,Female
962,Ody,oarundelqp@statcounter.com,Agender
963,Retha,rmatevosianqq@twitpic.com,Genderfluid
964,Cornell,cpraterqr@weebly.com,Genderfluid
965,Frazer,fhalletqs@illinois.edu,Male
966,Way,wbonqt@google.pl,Agender
967,Prisca,pcouchmanqu@altervista.org,Bigender
968,Britni,batyeaqv@php.net,Female
969,Danita,dvalentineqw@statcounter.com,Non-binary
970,Chrisse,chopfnerqx@cargocollective.com,Agender
971,Kippy,kkesperqy@java.com,Polygender
972,Ambrosio,aleybandqz@printfriendly.com,Genderfluid
973,Maison,mguillainr0@addthis.com,Agender
974,Gawen,gboysonr1@epa.gov,Non-binary
975,Aloysius,agouldsmithr2@ca.gov,Polygender
976,Olive,oferrullir3@craigslist.org,Female
977,Ogdan,ocarlettor4@pbs.org,Female
978,Gabriela,gbrambillr5@cnbc.com,Female
979,Clarey,coakerr6@japanpost.jp,Male
980,Hubert,hslocketr7@slate.com,Agender
981,Georgeanne,gnoblettr8@sakura.ne.jp,Male
982,Adriena,agrationr9@furl.net,Agender
983,Cara,cfieldsra@hhs.gov,Genderqueer
984,Mariquilla,mthomkerb@house.gov,Polygender
985,Lavina,lflecknessrc@unesco.org,Non-binary
986,Maxi,mmackimrd@g.co,Female
987,Jessalyn,jfriaryre@hibu.com,Agender
988,Flynn,fdungerf@deviantart.com,Genderfluid
989,Terrence,tmenegorg@ebay.com,Non-binary
990,Brig,bsturrockrh@barnesandnoble.com,Polygender
991,Joni,jgillandersri@eventbrite.com,Genderfluid
992,Jasun,jgusneyrj@shop-pro.jp,Male
993,Corette,caddingtonrk@typepad.com,Bigender
994,Hayden,hambrozrl@pbs.org,Non-binary
995,Garrek,gberirm@cyberchimps.com,Female
996,Krissie,kkevernrn@soundcloud.com,Male
997,Susanetta,srawlcliffero@delicious.com,Genderfluid
998,Aurea,abandeyrp@spiegel.de,Male
999,Haily,hdanilovitchrq@cbc.ca,Agender
1000,Candi,cechalierr@nyu.edu,Polygender
